{"cameraMode":{"drawMode":0,"name":"Shaded","section":"Shading Mode"},"sceneLighting":true,"audioPlay":false,"sceneViewState":{"showFog":true,"showMaterialUpdate":false,"showSkybox":false,"showFlares":false,"showImageEffects":true,"showParticleSystems":false},"in2DMode":false,"pivot":{"x":-38.755584716796878,"y":36.86315155029297,"z":-63.831451416015628},"rotation":{"x":-0.13920758664608003,"y":-0.1503005474805832,"z":0.021381443366408349,"w":-0.9785593748092651},"size":184.1654052734375,"orthographic":false}