{"cameraMode":{"drawMode":0,"name":"Shaded","section":"Shading Mode"},"sceneLighting":true,"audioPlay":false,"sceneViewState":{"showFog":true,"showMaterialUpdate":false,"showSkybox":false,"showFlares":false,"showImageEffects":true,"showParticleSystems":false},"in2DMode":false,"pivot":{"x":-48.13936233520508,"y":-14.82154655456543,"z":-76.61282348632813},"rotation":{"x":-0.13920758664608003,"y":-0.1503005474805832,"z":0.021381443366408349,"w":-0.9785593748092651},"size":40.1225700378418,"orthographic":false}